panchayat_id,month,block_forecast_rain_mm,block_forecast_temp_c,lat,lon,elevation_m,soil_type,land_use,hist_avg_rainfall_mm,hist_avg_temp_c,true_rainfall_mm,true_temp_c,true_humidity_pct,true_wind_kmph
P0001,1,17.8,16.4,25.3774,85.0339,87.9,alluvial,mixed_agri,10.2,28.4,16.7,15.8,58.1,5.9
P0001,2,12.8,29.3,25.3774,85.0339,87.9,alluvial,mixed_agri,10.2,28.4,10.0,28.6,61.6,12.5
P0001,3,21.0,38.7,25.3774,85.0339,87.9,alluvial,mixed_agri,10.2,28.4,22.1,38.1,49.3,10.8
P0001,4,4.1,28.8,25.3774,85.0339,87.9,alluvial,mixed_agri,10.2,28.4,2.9,28.5,65.3,10.5
P0001,5,8.0,26.9,25.3774,85.0339,87.9,alluvial,mixed_agri,10.2,28.4,4.8,26.5,59.7,15.3
P0001,6,29.6,32.9,25.3774,85.0339,87.9,alluvial,mixed_agri,10.2,28.4,29.0,32.2,66.2,7.8
P0001,7,41.6,27.5,25.3774,85.0339,87.9,alluvial,mixed_agri,10.2,28.4,43.8,26.9,75.7,11.2
P0001,8,27.9,29.9,25.3774,85.0339,87.9,alluvial,mixed_agri,10.2,28.4,26.9,29.9,68.7,6.3
P0001,9,21.1,30.5,25.3774,85.0339,87.9,alluvial,mixed_agri,10.2,28.4,24.6,30.4,70.4,10.9
P0001,10,16.8,30.7,25.3774,85.0339,87.9,alluvial,mixed_agri,10.2,28.4,16.2,31.0,62.1,14.6
P0001,11,10.1,26.3,25.3774,85.0339,87.9,alluvial,mixed_agri,10.2,28.4,7.5,27.0,68.6,9.5
P0001,12,6.7,24.4,25.3774,85.0339,87.9,alluvial,mixed_agri,10.2,28.4,4.6,23.8,63.2,8.8
P0002,1,9.0,19.5,25.3761,85.0686,51.4,sandy_loam,vegetable,24.4,32.6,8.6,20.4,60.5,11.9
P0002,2,0.0,29.9,25.3761,85.0686,51.4,sandy_loam,vegetable,24.4,32.6,0.0,29.4,55.6,9.0
P0002,3,14.5,26.0,25.3761,85.0686,51.4,sandy_loam,vegetable,24.4,32.6,12.8,26.0,58.4,13.0
P0002,4,12.2,34.0,25.3761,85.0686,51.4,sandy_loam,vegetable,24.4,32.6,10.5,33.9,58.9,10.7
P0002,5,10.1,26.7,25.3761,85.0686,51.4,sandy_loam,vegetable,24.4,32.6,9.0,27.0,72.6,15.6
P0002,6,23.7,29.1,25.3761,85.0686,51.4,sandy_loam,vegetable,24.4,32.6,18.0,29.0,72.6,13.6
P0002,7,24.4,28.0,25.3761,85.0686,51.4,sandy_loam,vegetable,24.4,32.6,17.2,28.1,65.7,8.4
P0002,8,23.5,29.7,25.3761,85.0686,51.4,sandy_loam,vegetable,24.4,32.6,17.2,29.2,81.6,6.1
P0002,9,22.2,35.5,25.3761,85.0686,51.4,sandy_loam,vegetable,24.4,32.6,25.4,35.1,69.2,11.0
P0002,10,19.4,27.0,25.3761,85.0686,51.4,sandy_loam,vegetable,24.4,32.6,16.6,27.6,62.2,8.9
P0002,11,8.2,25.9,25.3761,85.0686,51.4,sandy_loam,vegetable,24.4,32.6,6.8,25.9,61.2,8.3
P0002,12,11.8,23.0,25.3761,85.0686,51.4,sandy_loam,vegetable,24.4,32.6,10.7,23.4,60.3,10.0
P0003,1,4.7,20.9,25.3644,85.0723,67.2,loamy,wheat_maize,21.8,29.1,4.3,22.0,67.9,11.2
P0003,2,4.4,26.7,25.3644,85.0723,67.2,loamy,wheat_maize,21.8,29.1,6.6,26.8,62.4,4.8
P0003,3,14.6,31.4,25.3644,85.0723,67.2,loamy,wheat_maize,21.8,29.1,11.7,31.2,61.3,10.2
P0003,4,7.2,29.7,25.3644,85.0723,67.2,loamy,wheat_maize,21.8,29.1,6.4,29.8,67.4,2.3
P0003,5,7.6,30.5,25.3644,85.0723,67.2,loamy,wheat_maize,21.8,29.1,7.8,30.4,51.2,11.0
P0003,6,39.2,25.4,25.3644,85.0723,67.2,loamy,wheat_maize,21.8,29.1,39.1,25.3,70.7,6.8
P0003,7,26.8,33.9,25.3644,85.0723,67.2,loamy,wheat_maize,21.8,29.1,26.8,34.8,76.9,11.3
P0003,8,39.3,31.3,25.3644,85.0723,67.2,loamy,wheat_maize,21.8,29.1,39.2,31.2,71.3,7.9
P0003,9,34.7,26.5,25.3644,85.0723,67.2,loamy,wheat_maize,21.8,29.1,34.8,26.4,76.9,12.3
P0003,10,19.9,32.2,25.3644,85.0723,67.2,loamy,wheat_maize,21.8,29.1,15.9,32.2,54.1,8.4
P0003,11,18.1,31.9,25.3644,85.0723,67.2,loamy,wheat_maize,21.8,29.1,15.9,31.4,60.2,6.4
P0003,12,5.0,20.9,25.3644,85.0723,67.2,loamy,wheat_maize,21.8,29.1,7.1,21.3,48.5,10.9
P0004,1,9.4,21.2,25.3828,85.0532,82.9,clayey,wheat_maize,26.1,30.7,13.3,20.1,57.0,11.8
P0004,2,0.0,34.4,25.3828,85.0532,82.9,clayey,wheat_maize,26.1,30.7,0.7,34.7,57.1,12.4
P0004,3,15.4,30.7,25.3828,85.0532,82.9,clayey,wheat_maize,26.1,30.7,16.9,30.7,55.7,9.6
P0004,4,8.1,31.2,25.3828,85.0532,82.9,clayey,wheat_maize,26.1,30.7,10.6,30.5,59.4,14.4
P0004,5,4.5,27.5,25.3828,85.0532,82.9,clayey,wheat_maize,26.1,30.7,5.2,27.8,60.1,14.0
P0004,6,33.9,32.5,25.3828,85.0532,82.9,clayey,wheat_maize,26.1,30.7,37.2,33.6,70.0,4.0
P0004,7,38.4,28.6,25.3828,85.0532,82.9,clayey,wheat_maize,26.1,30.7,41.1,29.2,63.0,6.2
P0004,8,19.2,27.6,25.3828,85.0532,82.9,clayey,wheat_maize,26.1,30.7,21.3,27.8,72.4,5.8
P0004,9,14.9,30.2,25.3828,85.0532,82.9,clayey,wheat_maize,26.1,30.7,15.0,30.3,74.5,10.4
P0004,10,13.6,30.7,25.3828,85.0532,82.9,clayey,wheat_maize,26.1,30.7,15.5,30.2,59.1,10.6
P0004,11,13.9,28.8,25.3828,85.0532,82.9,clayey,wheat_maize,26.1,30.7,15.9,28.6,59.4,12.5
P0004,12,0.0,16.1,25.3828,85.0532,82.9,clayey,wheat_maize,26.1,30.7,0.0,14.8,56.6,12.2
P0005,1,7.3,20.6,25.3778,85.0095,68.3,loamy,paddy,22.1,31.9,10.2,21.3,59.7,14.1
P0005,2,9.6,27.5,25.3778,85.0095,68.3,loamy,paddy,22.1,31.9,9.4,26.8,55.6,8.9
P0005,3,13.8,35.2,25.3778,85.0095,68.3,loamy,paddy,22.1,31.9,12.5,35.4,54.8,11.4
P0005,4,8.2,24.5,25.3778,85.0095,68.3,loamy,paddy,22.1,31.9,10.9,24.2,57.3,6.8
P0005,5,5.1,31.3,25.3778,85.0095,68.3,loamy,paddy,22.1,31.9,5.2,31.5,61.8,14.0
P0005,6,26.7,25.6,25.3778,85.0095,68.3,loamy,paddy,22.1,31.9,31.7,25.4,76.6,11.2
P0005,7,28.0,31.0,25.3778,85.0095,68.3,loamy,paddy,22.1,31.9,34.8,32.1,71.3,10.5
P0005,8,35.3,27.5,25.3778,85.0095,68.3,loamy,paddy,22.1,31.9,39.6,27.5,72.6,7.5
P0005,9,19.3,23.8,25.3778,85.0095,68.3,loamy,paddy,22.1,31.9,19.0,23.6,69.5,15.8
P0005,10,15.6,27.1,25.3778,85.0095,68.3,loamy,paddy,22.1,31.9,18.0,26.9,58.6,10.6
P0005,11,12.7,29.0,25.3778,85.0095,68.3,loamy,paddy,22.1,31.9,16.2,28.4,60.0,17.8
P0005,12,10.3,24.3,25.3778,85.0095,68.3,loamy,paddy,22.1,31.9,11.6,24.6,59.7,9.5
P0006,1,4.3,21.3,25.3745,85.0868,61.3,sandy_loam,wheat_maize,23.1,33.3,1.8,21.7,65.4,11.1
P0006,2,7.3,31.4,25.3745,85.0868,61.3,sandy_loam,wheat_maize,23.1,33.3,5.4,31.9,50.8,9.0
P0006,3,0.0,25.5,25.3745,85.0868,61.3,sandy_loam,wheat_maize,23.1,33.3,2.7,26.0,56.4,5.5
P0006,4,0.0,28.4,25.3745,85.0868,61.3,sandy_loam,wheat_maize,23.1,33.3,4.8,28.7,57.2,11.4
P0006,5,0.0,29.1,25.3745,85.0868,61.3,sandy_loam,wheat_maize,23.1,33.3,0.2,29.2,64.0,11.0
P0006,6,32.8,27.9,25.3745,85.0868,61.3,sandy_loam,wheat_maize,23.1,33.3,28.8,28.8,66.1,7.3
P0006,7,36.8,29.4,25.3745,85.0868,61.3,sandy_loam,wheat_maize,23.1,33.3,33.1,29.3,78.3,10.4
P0006,8,30.3,34.7,25.3745,85.0868,61.3,sandy_loam,wheat_maize,23.1,33.3,24.2,34.3,68.8,11.4
P0006,9,19.4,31.9,25.3745,85.0868,61.3,sandy_loam,wheat_maize,23.1,33.3,14.9,32.6,59.0,7.6
P0006,10,0.0,27.5,25.3745,85.0868,61.3,sandy_loam,wheat_maize,23.1,33.3,0.5,27.5,58.7,9.5
P0006,11,10.2,27.0,25.3745,85.0868,61.3,sandy_loam,wheat_maize,23.1,33.3,9.8,27.4,61.9,11.7
P0006,12,10.8,26.1,25.3745,85.0868,61.3,sandy_loam,wheat_maize,23.1,33.3,8.7,26.0,56.2,6.9
P0007,1,1.5,17.3,25.313,85.0376,56.3,clayey,mixed_agri,23.7,32.1,1.7,17.6,60.3,7.7
P0007,2,14.4,32.2,25.313,85.0376,56.3,clayey,mixed_agri,23.7,32.1,16.7,32.0,62.7,10.6
P0007,3,0.3,29.8,25.313,85.0376,56.3,clayey,mixed_agri,23.7,32.1,0.9,29.5,60.9,5.6
P0007,4,17.0,33.7,25.313,85.0376,56.3,clayey,mixed_agri,23.7,32.1,19.6,34.1,48.0,6.5
P0007,5,7.2,26.8,25.313,85.0376,56.3,clayey,mixed_agri,23.7,32.1,10.0,27.9,54.1,7.5
P0007,6,30.2,34.8,25.313,85.0376,56.3,clayey,mixed_agri,23.7,32.1,33.3,35.1,80.1,5.0
P0007,7,21.1,28.7,25.313,85.0376,56.3,clayey,mixed_agri,23.7,32.1,23.9,29.3,72.2,4.7
P0007,8,31.9,28.3,25.313,85.0376,56.3,clayey,mixed_agri,23.7,32.1,40.2,28.1,67.8,11.6
P0007,9,33.4,31.3,25.313,85.0376,56.3,clayey,mixed_agri,23.7,32.1,36.1,31.8,65.8,10.7
P0007,10,0.5,31.3,25.313,85.0376,56.3,clayey,mixed_agri,23.7,32.1,0.0,30.8,63.6,10.7
P0007,11,5.3,34.4,25.313,85.0376,56.3,clayey,mixed_agri,23.7,32.1,5.4,34.5,61.3,8.1
P0007,12,11.8,18.4,25.313,85.0376,56.3,clayey,mixed_agri,23.7,32.1,13.2,19.2,54.8,2.8
P0008,1,18.7,27.6,25.3832,85.0705,64.4,sandy_loam,wheat_maize,24.4,31.4,14.4,26.7,58.4,9.1
P0008,2,7.9,26.7,25.3832,85.0705,64.4,sandy_loam,wheat_maize,24.4,31.4,7.6,27.0,52.5,12.1
P0008,3,21.3,30.5,25.3832,85.0705,64.4,sandy_loam,wheat_maize,24.4,31.4,16.7,30.5,63.1,4.8
P0008,4,10.0,28.8,25.3832,85.0705,64.4,sandy_loam,wheat_maize,24.4,31.4,11.8,28.8,68.3,6.7
P0008,5,12.5,31.0,25.3832,85.0705,64.4,sandy_loam,wheat_maize,24.4,31.4,8.5,31.1,66.1,9.0
P0008,6,18.6,29.9,25.3832,85.0705,64.4,sandy_loam,wheat_maize,24.4,31.4,13.4,29.8,70.6,4.9
P0008,7,19.1,31.4,25.3832,85.0705,64.4,sandy_loam,wheat_maize,24.4,31.4,14.6,30.2,74.9,10.8
P0008,8,24.5,26.0,25.3832,85.0705,64.4,sandy_loam,wheat_maize,24.4,31.4,21.7,26.3,82.9,11.3
P0008,9,31.1,29.5,25.3832,85.0705,64.4,sandy_loam,wheat_maize,24.4,31.4,27.0,29.9,77.3,8.4
P0008,10,6.4,28.6,25.3832,85.0705,64.4,sandy_loam,wheat_maize,24.4,31.4,6.8,29.4,57.7,8.7
P0008,11,10.9,29.3,25.3832,85.0705,64.4,sandy_loam,wheat_maize,24.4,31.4,10.8,28.2,55.9,7.7
P0008,12,0.0,17.1,25.3832,85.0705,64.4,sandy_loam,wheat_maize,24.4,31.4,0.0,17.1,65.6,9.3
P0009,1,2.8,19.8,25.41,84.8107,84.3,sandy_loam,mixed_agri,12.7,30.4,4.4,19.2,55.4,11.7
P0009,2,7.7,31.9,25.41,84.8107,84.3,sandy_loam,mixed_agri,12.7,30.4,6.3,32.2,54.8,10.0
P0009,3,7.7,26.4,25.41,84.8107,84.3,sandy_loam,mixed_agri,12.7,30.4,3.3,26.6,58.2,6.9
P0009,4,8.4,33.4,25.41,84.8107,84.3,sandy_loam,mixed_agri,12.7,30.4,2.4,32.5,55.4,14.4
P0009,5,10.7,32.3,25.41,84.8107,84.3,sandy_loam,mixed_agri,12.7,30.4,6.6,31.6,62.2,10.2
P0009,6,32.1,29.4,25.41,84.8107,84.3,sandy_loam,mixed_agri,12.7,30.4,27.1,29.4,74.9,12.4
P0009,7,19.1,23.3,25.41,84.8107,84.3,sandy_loam,mixed_agri,12.7,30.4,17.8,23.7,65.9,4.4
P0009,8,29.4,32.8,25.41,84.8107,84.3,sandy_loam,mixed_agri,12.7,30.4,27.9,32.9,69.1,7.3
P0009,9,28.9,29.1,25.41,84.8107,84.3,sandy_loam,mixed_agri,12.7,30.4,21.8,30.0,79.9,13.4
P0009,10,3.5,32.6,25.41,84.8107,84.3,sandy_loam,mixed_agri,12.7,30.4,4.1,32.6,66.2,11.9
P0009,11,13.4,31.9,25.41,84.8107,84.3,sandy_loam,mixed_agri,12.7,30.4,11.8,30.9,60.4,8.3
P0009,12,1.3,25.0,25.41,84.8107,84.3,sandy_loam,mixed_agri,12.7,30.4,4.5,25.6,61.3,14.1
P0010,1,9.1,20.6,25.4359,84.8669,52.0,alluvial,paddy,15.7,32.9,8.7,21.0,60.3,6.1
P0010,2,8.7,29.8,25.4359,84.8669,52.0,alluvial,paddy,15.7,32.9,14.0,30.4,60.1,10.7
P0010,3,9.3,29.4,25.4359,84.8669,52.0,alluvial,paddy,15.7,32.9,8.9,29.5,56.3,6.2
P0010,4,12.1,31.2,25.4359,84.8669,52.0,alluvial,paddy,15.7,32.9,10.9,31.3,65.0,13.2
P0010,5,15.2,30.1,25.4359,84.8669,52.0,alluvial,paddy,15.7,32.9,16.4,29.8,61.7,11.1
P0010,6,36.5,33.3,25.4359,84.8669,52.0,alluvial,paddy,15.7,32.9,43.4,32.9,69.4,10.7
P0010,7,27.6,28.3,25.4359,84.8669,52.0,alluvial,paddy,15.7,32.9,33.5,28.2,67.9,10.9
P0010,8,26.4,30.7,25.4359,84.8669,52.0,alluvial,paddy,15.7,32.9,32.1,30.3,68.6,14.3
P0010,9,21.8,23.7,25.4359,84.8669,52.0,alluvial,paddy,15.7,32.9,22.4,23.8,71.2,9.6
P0010,10,16.3,22.0,25.4359,84.8669,52.0,alluvial,paddy,15.7,32.9,20.3,22.9,54.4,8.9
P0010,11,4.5,27.3,25.4359,84.8669,52.0,alluvial,paddy,15.7,32.9,4.7,28.2,69.2,9.0
P0010,12,20.4,20.1,25.4359,84.8669,52.0,alluvial,paddy,15.7,32.9,28.0,20.2,60.7,11.1
P0011,1,28.1,22.6,25.4465,84.8865,76.7,clayey,vegetable,23.6,32.6,30.4,23.0,58.2,8.5
P0011,2,14.5,30.1,25.4465,84.8865,76.7,clayey,vegetable,23.6,32.6,17.0,30.0,61.7,11.3
P0011,3,0.0,32.0,25.4465,84.8865,76.7,clayey,vegetable,23.6,32.6,0.0,31.2,59.7,10.3
P0011,4,4.8,32.5,25.4465,84.8865,76.7,clayey,vegetable,23.6,32.6,2.8,32.2,57.1,9.9
P0011,5,10.7,27.0,25.4465,84.8865,76.7,clayey,vegetable,23.6,32.6,13.6,26.9,50.5,4.1
P0011,6,28.7,29.3,25.4465,84.8865,76.7,clayey,vegetable,23.6,32.6,32.4,29.3,72.1,12.8
P0011,7,22.1,26.5,25.4465,84.8865,76.7,clayey,vegetable,23.6,32.6,22.9,26.6,77.2,8.7
P0011,8,13.8,24.9,25.4465,84.8865,76.7,clayey,vegetable,23.6,32.6,14.0,24.5,69.0,10.1
P0011,9,26.9,33.1,25.4465,84.8865,76.7,clayey,vegetable,23.6,32.6,29.2,32.6,73.4,5.4
P0011,10,11.3,30.3,25.4465,84.8865,76.7,clayey,vegetable,23.6,32.6,12.6,31.0,56.9,16.2
P0011,11,7.6,26.2,25.4465,84.8865,76.7,clayey,vegetable,23.6,32.6,8.8,25.6,56.2,11.2
P0011,12,12.3,18.1,25.4465,84.8865,76.7,clayey,vegetable,23.6,32.6,16.0,18.6,67.2,11.6
P0012,1,17.2,14.4,25.3931,84.8537,55.7,loamy,vegetable,13.6,28.7,17.0,14.1,60.6,8.3
P0012,2,8.0,35.6,25.3931,84.8537,55.7,loamy,vegetable,13.6,28.7,7.9,36.0,58.8,10.2
P0012,3,9.0,31.3,25.3931,84.8537,55.7,loamy,vegetable,13.6,28.7,11.6,32.3,61.5,11.8
P0012,4,2.1,29.7,25.3931,84.8537,55.7,loamy,vegetable,13.6,28.7,4.0,30.3,61.1,12.7
P0012,5,11.9,33.6,25.3931,84.8537,55.7,loamy,vegetable,13.6,28.7,12.9,33.6,61.7,1.2
P0012,6,31.1,19.1,25.3931,84.8537,55.7,loamy,vegetable,13.6,28.7,28.5,19.4,73.4,6.5
P0012,7,24.5,34.1,25.3931,84.8537,55.7,loamy,vegetable,13.6,28.7,24.3,35.4,71.0,11.2
P0012,8,38.5,30.4,25.3931,84.8537,55.7,loamy,vegetable,13.6,28.7,37.6,30.5,70.8,5.9
P0012,9,27.3,27.8,25.3931,84.8537,55.7,loamy,vegetable,13.6,28.7,29.9,27.9,69.6,9.7
P0012,10,10.3,31.9,25.3931,84.8537,55.7,loamy,vegetable,13.6,28.7,8.6,31.5,65.5,8.8
P0012,11,0.5,31.3,25.3931,84.8537,55.7,loamy,vegetable,13.6,28.7,1.4,30.7,61.1,12.2
P0012,12,11.2,21.9,25.3931,84.8537,55.7,loamy,vegetable,13.6,28.7,8.8,22.2,58.5,8.6
P0013,1,14.2,24.4,25.3158,84.9081,59.7,loamy,mixed_agri,17.9,31.3,18.1,25.2,59.5,11.1
P0013,2,13.6,30.4,25.3158,84.9081,59.7,loamy,mixed_agri,17.9,31.3,14.1,30.9,59.7,7.8
P0013,3,6.5,31.9,25.3158,84.9081,59.7,loamy,mixed_agri,17.9,31.3,6.7,32.2,63.4,8.9
P0013,4,13.5,31.1,25.3158,84.9081,59.7,loamy,mixed_agri,17.9,31.3,11.3,32.0,57.5,5.0
P0013,5,2.7,26.9,25.3158,84.9081,59.7,loamy,mixed_agri,17.9,31.3,2.9,26.9,58.3,11.9
P0013,6,30.8,30.9,25.3158,84.9081,59.7,loamy,mixed_agri,17.9,31.3,32.3,31.4,60.5,8.9
P0013,7,15.7,30.1,25.3158,84.9081,59.7,loamy,mixed_agri,17.9,31.3,16.0,30.7,76.9,10.6
P0013,8,25.8,31.5,25.3158,84.9081,59.7,loamy,mixed_agri,17.9,31.3,25.3,31.6,75.9,8.3
P0013,9,33.6,32.0,25.3158,84.9081,59.7,loamy,mixed_agri,17.9,31.3,32.4,32.6,74.5,10.3
P0013,10,4.4,27.4,25.3158,84.9081,59.7,loamy,mixed_agri,17.9,31.3,3.4,27.8,55.2,11.3
P0013,11,1.5,29.4,25.3158,84.9081,59.7,loamy,mixed_agri,17.9,31.3,1.8,30.7,53.1,14.4
P0013,12,9.9,21.2,25.3158,84.9081,59.7,loamy,mixed_agri,17.9,31.3,10.3,21.6,59.2,14.4
P0014,1,6.3,23.4,25.3764,84.9206,85.7,loamy,paddy,18.2,30.2,5.4,23.2,54.6,11.4
P0014,2,17.7,29.8,25.3764,84.9206,85.7,loamy,paddy,18.2,30.2,18.4,29.1,58.9,5.2
P0014,3,3.5,30.7,25.3764,84.9206,85.7,loamy,paddy,18.2,30.2,6.4,31.9,57.1,14.3
P0014,4,10.5,29.5,25.3764,84.9206,85.7,loamy,paddy,18.2,30.2,12.0,29.4,60.6,8.8
P0014,5,0.6,25.4,25.3764,84.9206,85.7,loamy,paddy,18.2,30.2,2.0,25.1,57.0,10.0
P0014,6,33.6,30.5,25.3764,84.9206,85.7,loamy,paddy,18.2,30.2,34.5,31.0,78.9,11.5
P0014,7,34.6,33.7,25.3764,84.9206,85.7,loamy,paddy,18.2,30.2,39.2,33.9,74.0,11.6
P0014,8,22.2,32.1,25.3764,84.9206,85.7,loamy,paddy,18.2,30.2,21.0,31.5,77.5,12.5
P0014,9,37.7,29.2,25.3764,84.9206,85.7,loamy,paddy,18.2,30.2,37.9,28.9,71.5,10.2
P0014,10,15.8,28.9,25.3764,84.9206,85.7,loamy,paddy,18.2,30.2,17.5,28.3,62.3,10.0
P0014,11,4.5,29.3,25.3764,84.9206,85.7,loamy,paddy,18.2,30.2,4.4,29.0,68.9,9.7
P0014,12,7.5,13.7,25.3764,84.9206,85.7,loamy,paddy,18.2,30.2,6.2,13.4,56.6,14.1
P0015,1,8.0,23.9,25.3822,84.9262,53.1,sandy_loam,vegetable,22.4,31.9,7.2,24.1,59.6,10.0
P0015,2,19.3,23.0,25.3822,84.9262,53.1,sandy_loam,vegetable,22.4,31.9,13.0,22.9,60.1,12.1
P0015,3,11.8,28.8,25.3822,84.9262,53.1,sandy_loam,vegetable,22.4,31.9,12.4,29.5,60.9,12.9
P0015,4,10.6,28.3,25.3822,84.9262,53.1,sandy_loam,vegetable,22.4,31.9,10.7,28.5,60.0,14.4
P0015,5,0.0,25.7,25.3822,84.9262,53.1,sandy_loam,vegetable,22.4,31.9,0.0,25.7,58.7,5.5
P0015,6,22.9,27.4,25.3822,84.9262,53.1,sandy_loam,vegetable,22.4,31.9,25.0,28.5,68.9,8.9
P0015,7,21.9,24.3,25.3822,84.9262,53.1,sandy_loam,vegetable,22.4,31.9,19.0,23.9,70.6,5.2
P0015,8,24.2,30.4,25.3822,84.9262,53.1,sandy_loam,vegetable,22.4,31.9,22.0,30.8,64.4,12.6
P0015,9,24.0,31.9,25.3822,84.9262,53.1,sandy_loam,vegetable,22.4,31.9,21.1,31.4,69.4,11.1
P0015,10,12.7,29.6,25.3822,84.9262,53.1,sandy_loam,vegetable,22.4,31.9,14.2,30.2,58.7,12.3
P0015,11,20.6,35.9,25.3822,84.9262,53.1,sandy_loam,vegetable,22.4,31.9,15.6,35.6,67.4,6.8
P0015,12,1.1,18.5,25.3822,84.9262,53.1,sandy_loam,vegetable,22.4,31.9,1.8,18.7,56.7,8.0
P0016,1,4.7,17.4,24.9246,84.8381,60.1,clayey,mixed_agri,11.6,28.1,10.1,17.6,64.4,8.5
P0016,2,7.9,27.9,24.9246,84.8381,60.1,clayey,mixed_agri,11.6,28.1,3.9,27.3,50.9,3.3
P0016,3,1.8,34.0,24.9246,84.8381,60.1,clayey,mixed_agri,11.6,28.1,2.1,34.7,62.1,12.3
P0016,4,3.6,31.6,24.9246,84.8381,60.1,clayey,mixed_agri,11.6,28.1,5.7,31.4,62.8,11.7
P0016,5,5.7,26.6,24.9246,84.8381,60.1,clayey,mixed_agri,11.6,28.1,4.3,26.8,61.6,7.6
P0016,6,29.0,31.7,24.9246,84.8381,60.1,clayey,mixed_agri,11.6,28.1,35.2,32.6,77.4,7.0
P0016,7,38.9,28.4,24.9246,84.8381,60.1,clayey,mixed_agri,11.6,28.1,47.7,28.5,68.9,4.6
P0016,8,27.8,25.3,24.9246,84.8381,60.1,clayey,mixed_agri,11.6,28.1,34.5,26.2,67.0,10.9
P0016,9,24.4,28.1,24.9246,84.8381,60.1,clayey,mixed_agri,11.6,28.1,30.2,28.2,79.7,8.6
P0016,10,15.0,30.3,24.9246,84.8381,60.1,clayey,mixed_agri,11.6,28.1,19.2,30.2,59.8,9.7
P0016,11,4.0,32.0,24.9246,84.8381,60.1,clayey,mixed_agri,11.6,28.1,6.0,32.4,67.7,14.3
P0016,12,6.8,21.1,24.9246,84.8381,60.1,clayey,mixed_agri,11.6,28.1,6.7,21.2,57.0,14.9
P0017,1,11.2,19.3,24.8918,84.8962,90.4,loamy,mixed_agri,18.1,33.6,13.1,18.1,49.9,12.4
P0017,2,9.4,30.8,24.8918,84.8962,90.4,loamy,mixed_agri,18.1,33.6,6.3,30.5,70.0,12.5
P0017,3,10.0,28.7,24.8918,84.8962,90.4,loamy,mixed_agri,18.1,33.6,8.8,27.4,61.3,12.5
P0017,4,0.0,28.0,24.8918,84.8962,90.4,loamy,mixed_agri,18.1,33.6,0.0,27.3,60.3,3.7
P0017,5,12.7,32.3,24.8918,84.8962,90.4,loamy,mixed_agri,18.1,33.6,11.7,30.8,55.0,13.7
P0017,6,12.1,29.0,24.8918,84.8962,90.4,loamy,mixed_agri,18.1,33.6,9.3,29.2,67.6,11.2
P0017,7,32.2,35.5,24.8918,84.8962,90.4,loamy,mixed_agri,18.1,33.6,30.5,35.5,63.6,13.6
P0017,8,24.2,28.3,24.8918,84.8962,90.4,loamy,mixed_agri,18.1,33.6,23.2,27.3,72.1,12.9
P0017,9,30.6,25.2,24.8918,84.8962,90.4,loamy,mixed_agri,18.1,33.6,29.1,25.4,61.6,6.8
P0017,10,14.3,30.8,24.8918,84.8962,90.4,loamy,mixed_agri,18.1,33.6,14.5,31.5,62.3,12.0
P0017,11,25.3,29.4,24.8918,84.8962,90.4,loamy,mixed_agri,18.1,33.6,22.6,29.4,62.2,8.4
P0017,12,2.8,26.9,24.8918,84.8962,90.4,loamy,mixed_agri,18.1,33.6,3.3,26.4,64.6,9.7
P0018,1,7.5,21.7,24.9579,84.8717,67.5,clayey,wheat_maize,15.2,30.3,5.6,21.9,69.6,11.4
P0018,2,6.7,28.5,24.9579,84.8717,67.5,clayey,wheat_maize,15.2,30.3,6.6,28.4,58.1,12.7
P0018,3,0.0,32.6,24.9579,84.8717,67.5,clayey,wheat_maize,15.2,30.3,0.0,32.8,54.4,14.0
P0018,4,16.5,32.9,24.9579,84.8717,67.5,clayey,wheat_maize,15.2,30.3,15.1,33.3,62.0,5.2
P0018,5,8.9,31.1,24.9579,84.8717,67.5,clayey,wheat_maize,15.2,30.3,10.8,31.2,61.5,14.4
P0018,6,36.2,21.4,24.9579,84.8717,67.5,clayey,wheat_maize,15.2,30.3,39.1,21.3,62.2,10.3
P0018,7,36.3,26.7,24.9579,84.8717,67.5,clayey,wheat_maize,15.2,30.3,40.5,26.3,67.6,14.4
P0018,8,25.5,31.4,24.9579,84.8717,67.5,clayey,wheat_maize,15.2,30.3,24.3,32.3,74.0,9.5
P0018,9,32.3,25.8,24.9579,84.8717,67.5,clayey,wheat_maize,15.2,30.3,37.8,25.6,70.0,8.5
P0018,10,5.5,32.1,24.9579,84.8717,67.5,clayey,wheat_maize,15.2,30.3,6.6,32.4,60.0,11.5
P0018,11,6.5,36.7,24.9579,84.8717,67.5,clayey,wheat_maize,15.2,30.3,4.0,37.3,66.8,7.4
P0018,12,22.4,23.0,24.9579,84.8717,67.5,clayey,wheat_maize,15.2,30.3,26.5,23.0,58.9,9.4
P0019,1,11.3,24.2,24.5456,84.7602,60.3,sandy_loam,vegetable,17.0,28.1,10.2,23.8,64.1,12.8
P0019,2,12.9,32.2,24.5456,84.7602,60.3,sandy_loam,vegetable,17.0,28.1,10.7,31.9,55.7,5.1
P0019,3,10.4,29.7,24.5456,84.7602,60.3,sandy_loam,vegetable,17.0,28.1,8.2,28.4,53.8,13.4
P0019,4,5.0,31.1,24.5456,84.7602,60.3,sandy_loam,vegetable,17.0,28.1,1.6,31.9,59.3,10.9
P0019,5,23.0,34.5,24.5456,84.7602,60.3,sandy_loam,vegetable,17.0,28.1,19.3,34.3,58.4,11.5
P0019,6,28.2,28.8,24.5456,84.7602,60.3,sandy_loam,vegetable,17.0,28.1,27.3,28.9,82.5,10.3
P0019,7,39.5,31.1,24.5456,84.7602,60.3,sandy_loam,vegetable,17.0,28.1,36.2,30.8,66.7,11.4
P0019,8,34.7,30.1,24.5456,84.7602,60.3,sandy_loam,vegetable,17.0,28.1,27.5,29.5,63.9,4.7
P0019,9,29.5,33.4,24.5456,84.7602,60.3,sandy_loam,vegetable,17.0,28.1,25.5,32.3,70.0,9.5
P0019,10,21.6,25.6,24.5456,84.7602,60.3,sandy_loam,vegetable,17.0,28.1,17.9,26.6,62.2,11.7
P0019,11,9.7,31.0,24.5456,84.7602,60.3,sandy_loam,vegetable,17.0,28.1,9.9,30.7,64.4,5.9
P0019,12,11.0,20.5,24.5456,84.7602,60.3,sandy_loam,vegetable,17.0,28.1,8.3,20.6,56.9,6.8
P0020,1,6.9,16.7,24.5759,84.8119,66.6,loamy,mixed_agri,28.0,30.5,7.6,16.1,63.6,6.5
P0020,2,5.6,28.1,24.5759,84.8119,66.6,loamy,mixed_agri,28.0,30.5,8.3,28.3,58.9,11.5
P0020,3,0.0,29.9,24.5759,84.8119,66.6,loamy,mixed_agri,28.0,30.5,4.0,30.0,60.3,11.6
P0020,4,14.4,24.0,24.5759,84.8119,66.6,loamy,mixed_agri,28.0,30.5,11.1,24.1,56.4,13.9
P0020,5,7.1,24.2,24.5759,84.8119,66.6,loamy,mixed_agri,28.0,30.5,4.6,22.9,58.8,9.4
P0020,6,26.3,33.2,24.5759,84.8119,66.6,loamy,mixed_agri,28.0,30.5,28.8,33.2,60.3,11.9
P0020,7,32.1,30.9,24.5759,84.8119,66.6,loamy,mixed_agri,28.0,30.5,34.3,30.4,81.0,7.1
P0020,8,33.3,24.9,24.5759,84.8119,66.6,loamy,mixed_agri,28.0,30.5,31.7,25.7,69.7,12.5
P0020,9,30.2,29.7,24.5759,84.8119,66.6,loamy,mixed_agri,28.0,30.5,33.2,29.6,62.1,7.6
P0020,10,12.3,31.2,24.5759,84.8119,66.6,loamy,mixed_agri,28.0,30.5,9.3,30.9,57.1,8.9
P0020,11,0.7,28.1,24.5759,84.8119,66.6,loamy,mixed_agri,28.0,30.5,0.0,28.5,64.0,9.6
P0020,12,6.6,20.4,24.5759,84.8119,66.6,loamy,mixed_agri,28.0,30.5,5.1,19.9,55.3,8.1
P0021,1,2.0,20.5,24.5084,84.7816,47.1,alluvial,vegetable,24.2,31.7,3.7,19.9,60.1,9.3
P0021,2,11.0,30.0,24.5084,84.7816,47.1,alluvial,vegetable,24.2,31.7,9.2,29.6,60.1,13.1
P0021,3,0.0,31.0,24.5084,84.7816,47.1,alluvial,vegetable,24.2,31.7,2.4,31.2,62.8,7.9
P0021,4,8.3,25.1,24.5084,84.7816,47.1,alluvial,vegetable,24.2,31.7,4.4,25.8,55.1,8.6
P0021,5,0.7,25.8,24.5084,84.7816,47.1,alluvial,vegetable,24.2,31.7,0.4,25.6,61.9,11.4
P0021,6,30.7,30.7,24.5084,84.7816,47.1,alluvial,vegetable,24.2,31.7,36.9,30.4,70.7,13.4
P0021,7,36.4,25.7,24.5084,84.7816,47.1,alluvial,vegetable,24.2,31.7,39.3,26.6,73.5,10.6
P0021,8,27.5,28.8,24.5084,84.7816,47.1,alluvial,vegetable,24.2,31.7,30.8,29.0,70.8,10.2
P0021,9,24.7,31.6,24.5084,84.7816,47.1,alluvial,vegetable,24.2,31.7,33.0,30.9,72.6,7.7
P0021,10,12.5,30.1,24.5084,84.7816,47.1,alluvial,vegetable,24.2,31.7,15.2,31.0,61.0,13.4
P0021,11,0.0,34.8,24.5084,84.7816,47.1,alluvial,vegetable,24.2,31.7,0.8,35.5,53.9,7.5
P0021,12,9.9,19.9,24.5084,84.7816,47.1,alluvial,vegetable,24.2,31.7,11.4,20.7,51.2,12.9
